<?xml version="1.0" encoding="UTF-8" standalone="no" ?>
<!--
    This program is free software: you can redistribute it and/or modify
    it under the terms of the GNU General Public License as published by
    the Free Software Foundation, either version 3 of the License, or
    (at your option) any later version.

    This program is distributed in the hope that it will be useful,
    but WITHOUT ANY WARRANTY; without even the implied warranty of
    MERCHANTABILITY or FITNESS FOR A PARTICULAR PURPOSE.  See the
    GNU General Public License for more details.

    You should have received a copy of the GNU General Public License
    along with this program.  If not, see <http://www.gnu.org/licenses/>.
-->


<options>
    <Display>
        <boolean name="selectivefiltering" title="Selective Filtering" description="Selectively apply anisotropic filtering where it is needed most, such as on the ice." default="0" />
    </Display>
    <Misc>
		<boolean name="disableautopause" title="Disable Auto-pause" description="Stops the game from automatically pausing when the game window loses focus" default="0"></boolean>
    </Misc>
</options>